Store,Date,Forecasted_Sales
1,2012-11-02,1761440.7364515343
1,2012-11-09,1659189.1522668214
1,2012-11-16,1604487.391326199
1,2012-11-23,2097971.1650746586
1,2012-11-30,1649405.755641407
1,2012-12-07,1863691.999020398
1,2012-12-14,1947246.0812553533
1,2012-12-21,2338012.565920865
1,2012-12-28,1561257.3512123118
1,2013-01-04,1614562.594107545
1,2013-01-11,1524394.0111152078
1,2013-01-18,1459211.999291823
2,2012-11-02,2044029.983673614
2,2012-11-09,2007333.5109978546
2,2012-11-16,1993977.9662899775
2,2012-11-23,2700622.823548941
2,2012-11-30,2046391.6915305026
2,2012-12-07,2382186.4551049746
2,2012-12-14,2530391.1889177244
2,2012-12-21,3320226.129899784
2,2012-12-28,1951793.5836383086
2,2013-01-04,1883878.5008661088
2,2013-01-11,1832555.5001554603
2,2013-01-18,1802884.5643960347
3,2012-11-02,489465.39017978957
3,2012-11-09,441811.9395875451
3,2012-11-16,432344.37949584663
3,2012-11-23,593050.0833803547
3,2012-11-30,509237.45336781413
3,2012-12-07,504804.61949328764
3,2012-12-14,544444.509280119
3,2012-12-21,594017.1255069576
3,2012-12-28,443502.0055023207
3,2013-01-04,432418.6120504139
3,2013-01-11,406963.39739136834
3,2013-01-18,401175.1350057085
4,2012-11-02,2234833.364759635
4,2012-11-09,2188989.8383453065
4,2012-11-16,2239715.775353953
4,2012-11-23,2882252.6332919993
4,2012-11-30,2204374.1547349473
4,2012-12-07,2453440.8970832936
4,2012-12-14,2731372.848813888
4,2012-12-21,3485103.7492277445
4,2012-12-28,2015193.2496503287
4,2013-01-04,2058153.8670381205
4,2013-01-11,1996751.7546734777
4,2013-01-18,2039841.1432741445
5,2012-11-02,365197.54924698395
5,2012-11-09,334756.55050042656
5,2012-11-16,330670.3268973554
5,2012-11-23,519616.04561860004
5,2012-11-30,385266.3835741242
5,2012-12-07,386133.5734766668
5,2012-12-14,399447.21994838334
5,2012-12-21,486585.67699190625
5,2012-12-28,348618.72235335375
5,2013-01-04,326304.75252781255
5,2013-01-11,303492.8622132975
5,2013-01-18,309873.65899916703
6,2012-11-02,1581659.875426649
6,2012-11-09,1593721.1050060028
6,2012-11-16,1582397.156453629
6,2012-11-23,2307996.3216394023
6,2012-11-30,1746432.5125304009
6,2012-12-07,1960503.801438968
6,2012-12-14,2093410.4752821515
6,2012-12-21,2703599.7836554623
6,2012-12-28,1654397.9140672674
6,2013-01-04,1452853.0895566249
6,2013-01-11,1401854.0580792956
6,2013-01-18,1383517.819272949
7,2012-11-02,532373.3755959378
7,2012-11-09,534018.2322467465
7,2012-11-16,515954.6495265344
7,2012-11-23,891492.0502568269
7,2012-11-30,571284.7290949299
7,2012-12-07,626212.4771879665
7,2012-12-14,704768.3899753386
7,2012-12-21,1027009.9986171974
7,2012-12-28,772031.4308855822
7,2013-01-04,683664.7640876886
7,2013-01-11,570960.873362494
7,2013-01-18,552772.4010357087
8,2012-11-02,985690.1847892171
8,2012-11-09,954693.4098921724
8,2012-11-16,934491.8130096707
8,2012-11-23,1273176.2481627027
8,2012-11-30,1022802.235060751
8,2012-12-07,1090100.668435975
8,2012-12-14,1159788.610262644
8,2012-12-21,1500495.4940524984
8,2012-12-28,892937.9389698872
8,2013-01-04,910114.0595414528
8,2013-01-11,855432.8955674096
8,2013-01-18,852439.0312811671
9,2012-11-02,610991.4988024257
9,2012-11-09,610353.1029305249
9,2012-11-16,559492.4678284453
9,2012-11-23,830510.14939226
9,2012-11-30,629862.992226131
9,2012-12-07,647206.7589600534
9,2012-12-14,721968.2963347842
9,2012-12-21,920657.4813178165
9,2012-12-28,565894.9788584143
9,2013-01-04,536324.9092492268
9,2013-01-11,491860.7634944402
9,2013-01-18,496736.7145684246
10,2012-11-02,1902262.6370202366
10,2012-11-09,2070871.009986373
10,2012-11-16,1877706.6127717914
10,2012-11-23,2953449.8399766306
10,2012-11-30,2082172.4235805452
10,2012-12-07,2432429.1463581524
10,2012-12-14,2572816.1963640586
10,2012-12-21,3505552.3532700725
10,2012-12-28,1922992.111122285
10,2013-01-04,1689487.786529518
10,2013-01-11,1715933.1669049307
10,2013-01-18,1680098.633264392
11,2012-11-02,1395510.656979528
11,2012-11-09,1323321.9393575485
11,2012-11-16,1317415.9036174463
11,2012-11-23,1778177.6582778275
11,2012-11-30,1399524.8359583342
11,2012-12-07,1592690.382913597
11,2012-12-14,1815615.6463173267
11,2012-12-21,2244263.391112401
11,2012-12-28,1249485.6671732764
11,2013-01-04,1233813.9341057548
11,2013-01-11,1238286.2210480082
11,2013-01-18,1216943.47922054
12,2012-11-02,1062555.5742432214
12,2012-11-09,1102386.8773159243
12,2012-11-16,982477.0018300363
12,2012-11-23,1607483.643679783
12,2012-11-30,1087183.7872058216
12,2012-12-07,1201583.9348582225
12,2012-12-14,1309060.3170962143
12,2012-12-21,1640990.2940731584
12,2012-12-28,1115231.549729146
12,2013-01-04,959944.2670177912
12,2013-01-11,878733.0464077836
12,2013-01-18,869182.0327837899
13,2012-11-02,2114426.0510067097
13,2012-11-09,2189346.070449506
13,2012-11-16,2094033.6725510003
13,2012-11-23,2941882.4979321854
13,2012-11-30,2128980.7498549395
13,2012-12-07,2540456.1404187675
13,2012-12-14,2838019.18891083
13,2012-12-21,3634428.3301704214
13,2012-12-28,2046839.7049812565
13,2013-01-04,1943473.2608030061
13,2013-01-11,1872680.0387625
13,2013-01-18,1889297.8811155455
14,2012-11-02,1760254.3605534246
14,2012-11-09,1724399.1192269663
14,2012-11-16,1638928.4024163648
14,2012-11-23,2232732.196142828
14,2012-11-30,1800349.7536849678
14,2012-12-07,2044226.4475771554
14,2012-12-14,2146164.6106128064
14,2012-12-21,2795848.1791287074
14,2012-12-28,1513101.8003380257
14,2013-01-04,1560193.53003145
14,2013-01-11,1440197.2935204767
14,2013-01-18,1493724.4348558325
15,2012-11-02,574579.7567253978
15,2012-11-09,577736.9655174807
15,2012-11-16,567950.149513705
15,2012-11-23,940039.9686848915
15,2012-11-30,667679.880585201
15,2012-12-07,731518.2172539055
15,2012-12-14,827103.566008123
15,2012-12-21,1098841.5193669158
15,2012-12-28,533661.7818084644
15,2013-01-04,497606.0621305194
15,2013-01-11,468780.36035103723
15,2013-01-18,480621.0083053373
16,2012-11-02,506827.8044841413
16,2012-11-09,489568.98638882546
16,2012-11-16,484669.4039378989
16,2012-11-23,653604.2070101666
16,2012-11-30,523553.0202579143
16,2012-12-07,562188.826830663
16,2012-12-14,638366.8872700369
16,2012-12-21,880880.7770302423
16,2012-12-28,608936.1061925325
16,2013-01-04,558382.0372123612
16,2013-01-11,498971.37683463754
16,2013-01-18,479722.60098215047
17,2012-11-02,989596.253462949
17,2012-11-09,961459.1494684254
17,2012-11-16,928307.3201549582
17,2012-11-23,1269262.3123716027
17,2012-11-30,997699.9516300483
17,2012-12-07,1028949.0389187766
17,2012-12-14,1119937.7291251372
17,2012-12-21,1342574.9304448443
17,2012-12-28,824853.9811931865
17,2013-01-04,1246261.4014777306
17,2013-01-11,922142.8695611231
17,2013-01-18,860369.2102904891
18,2012-11-02,1097832.496306892
18,2012-11-09,1118769.1924017654
18,2012-11-16,1086638.0831950798
18,2012-11-23,1439465.2387476694
18,2012-11-30,1182832.2459624
18,2012-12-07,1300602.0487715902
18,2012-12-14,1397642.0803992588
18,2012-12-21,1646028.8972362578
18,2012-12-28,1006050.1627689237
18,2013-01-04,1028140.6282538034
18,2013-01-11,941858.8030052251
18,2013-01-18,1003655.2794704275
19,2012-11-02,1462253.1059153113
19,2012-11-09,1483124.9778057921
19,2012-11-16,1392506.253946075
19,2012-11-23,1956226.9810408428
19,2012-11-30,1468592.5874782298
19,2012-12-07,1696705.6175952682
19,2012-12-14,1834587.2799901345
19,2012-12-21,2465128.7580193244
19,2012-12-28,1383968.5575976083
19,2013-01-04,1247111.2715101822
19,2013-01-11,1163565.8006471873
19,2013-01-18,1218007.807236471
20,2012-11-02,2322376.694384811
20,2012-11-09,2315226.5151809594
20,2012-11-16,2217459.8900885326
20,2012-11-23,2949934.621446442
20,2012-11-30,2364468.574374079
20,2012-12-07,2620427.291716286
20,2012-12-14,2821844.7500913115
20,2012-12-21,3629009.2794242897
20,2012-12-28,2073027.2222760236
20,2013-01-04,2006806.162178367
20,2013-01-11,1963163.4785197815
20,2013-01-18,1936039.0426932792
21,2012-11-02,676223.2054017658
21,2012-11-09,679803.0310367132
21,2012-11-16,682873.5181031971
21,2012-11-23,996531.9083139792
21,2012-11-30,725774.4706895436
21,2012-12-07,797196.7317249143
21,2012-12-14,910176.9328289295
21,2012-12-21,1173015.6488907964
21,2012-12-28,666531.8482774657
21,2013-01-04,608344.2357469155
21,2013-01-11,614616.8418337539
21,2013-01-18,624731.985163157
22,2012-11-02,1040521.1725308904
22,2012-11-09,1075028.9525358833
22,2012-11-16,1018961.7040031602
22,2012-11-23,1450067.520947954
22,2012-11-30,1187426.5239583761
22,2012-12-07,1293920.2347899065
22,2012-12-14,1408482.355611007
22,2012-12-21,1729294.1360506723
22,2012-12-28,906842.9176197898
22,2013-01-04,941136.1890329062
22,2013-01-11,896941.2192088268
22,2013-01-18,931258.7586708203
23,2012-11-02,1440048.651439031
23,2012-11-09,1503023.8732850733
23,2012-11-16,1433388.0973321358
23,2012-11-23,2120369.853348104
23,2012-11-30,1666842.0783144808
23,2012-12-07,1924196.5128522345
23,2012-12-14,2252550.1054652506
23,2012-12-21,2677755.2066478855
23,2012-12-28,1300458.5954580198
23,2013-01-04,1247491.2520486834
23,2013-01-11,1140876.3809859648
23,2013-01-18,1240780.093074255
24,2012-11-02,1359809.1385070004
24,2012-11-09,1386083.2892649556
24,2012-11-16,1317887.5345184715
24,2012-11-23,1706578.6158514263
24,2012-11-30,1385414.2004992152
24,2012-12-07,1536656.0577736269
24,2012-12-14,1604339.3756255126
24,2012-12-21,2110194.8851574273
24,2012-12-28,1320804.409124462
24,2013-01-04,1260956.144713196
24,2013-01-11,1215356.1350778958
24,2013-01-18,1191032.5413712685
25,2012-11-02,707171.533613043
25,2012-11-09,711240.4654812954
25,2012-11-16,715472.6525502158
25,2012-11-23,934019.8020840322
25,2012-11-30,805426.3358597327
25,2012-12-07,842348.4603822948
25,2012-12-14,888091.3638492273
25,2012-12-21,1033014.3037770141
25,2012-12-28,671202.1901958183
25,2013-01-04,638182.496679645
25,2013-01-11,639565.9868048682
25,2013-01-18,634417.6124841832
26,2012-11-02,1010564.7512709762
26,2012-11-09,1090315.96009581
26,2012-11-16,961810.964859037
26,2012-11-23,1298836.2389764779
26,2012-11-30,1029257.4520190281
26,2012-12-07,1165543.1319918043
26,2012-12-14,1221085.344224493
26,2012-12-21,1533001.5986519088
26,2012-12-28,986931.1425370048
26,2013-01-04,987332.290159603
26,2013-01-11,852442.9246131483
26,2013-01-18,854750.6571856627
27,2012-11-02,1607180.0033581874
27,2012-11-09,1748770.004700436
27,2012-11-16,1666703.1375677034
27,2012-11-23,2334484.4211218855
27,2012-11-30,1769777.835639219
27,2012-12-07,1951026.3022823397
27,2012-12-14,2108282.1766206548
27,2012-12-21,2601181.235361621
27,2012-12-28,1536776.8926801758
27,2013-01-04,1539694.0987795268
27,2013-01-11,1508757.3653441293
27,2013-01-18,1522688.3885337012
28,2012-11-02,1542936.505561024
28,2012-11-09,1435148.483414698
28,2012-11-16,1270257.9015749146
28,2012-11-23,1777108.07596329
28,2012-11-30,1255468.9062608702
28,2012-12-07,1392786.24288159
28,2012-12-14,1304692.9088136412
28,2012-12-21,1507853.0767228846
28,2012-12-28,1347615.8748749057
28,2013-01-04,1430740.5798012828
28,2013-01-11,1173799.8687169526
28,2013-01-18,1137190.9340591927
29,2012-11-02,625415.6955754315
29,2012-11-09,544291.9103584235
29,2012-11-16,518222.94831276825
29,2012-11-23,930011.852379986
29,2012-11-30,597946.5251204494
29,2012-12-07,652539.6034878381
29,2012-12-14,758376.633047688
29,2012-12-21,1037264.9457317506
29,2012-12-28,558069.4247932328
29,2013-01-04,482110.5167419774
29,2013-01-11,456854.1830175309
29,2013-01-18,460231.57958828827
30,2012-11-02,452570.7173990222
30,2012-11-09,427869.3589920277
30,2012-11-16,431003.1877586445
30,2012-11-23,452768.86416130746
30,2012-11-30,417328.206770159
30,2012-12-07,433907.0257351159
30,2012-12-14,442005.86810512346
30,2012-12-21,487785.86342578725
30,2012-12-28,402707.9984529237
30,2013-01-04,449205.7993612005
30,2013-01-11,451914.83994639054
30,2013-01-18,438609.53593867045
31,2012-11-02,1408963.584345432
31,2012-11-09,1426533.9586702269
31,2012-11-16,1428184.8678414105
31,2012-11-23,1859937.1074995203
31,2012-11-30,1385232.2010181309
31,2012-12-07,1527212.7027808288
31,2012-12-14,1608967.379571273
31,2012-12-21,1962603.8057482704
31,2012-12-28,1336125.3911678372
31,2013-01-04,1388850.475393304
31,2013-01-11,1379404.8404625952
31,2013-01-18,1374669.825082512
32,2012-11-02,1237110.180584904
32,2012-11-09,1213749.2157842861
32,2012-11-16,1212505.6779495599
32,2012-11-23,1715565.3113679166
32,2012-11-30,1210039.5841026255
32,2012-12-07,1446696.1255731604
32,2012-12-14,1586527.0443389332
32,2012-12-21,1990200.2329705174
32,2012-12-28,1134509.641499905
32,2013-01-04,1131033.2519867986
32,2013-01-11,1102578.939851379
32,2013-01-18,1110525.902391242
33,2012-11-02,254421.78533165465
33,2012-11-09,289084.26876770874
33,2012-11-16,267587.9771360635
33,2012-11-23,272465.4165712097
33,2012-11-30,236577.68430555912
33,2012-12-07,286792.40992808953
33,2012-12-14,275951.99345661345
33,2012-12-21,272815.36069386936
33,2012-12-28,232100.5518804633
33,2013-01-04,283269.5185137299
33,2013-01-11,295718.2451341478
33,2013-01-18,261511.0737632123
34,2012-11-02,1027806.5907988072
34,2012-11-09,1024642.8475085206
34,2012-11-16,981628.1116918965
34,2012-11-23,1377351.3075260278
34,2012-11-30,1022917.0120124555
34,2012-12-07,1117873.700764262
34,2012-12-14,1187412.5082498915
34,2012-12-21,1627457.1281643626
34,2012-12-28,996778.7611733512
34,2013-01-04,985515.9256871707
34,2013-01-11,946944.7216536608
34,2013-01-18,943904.9988414334
35,2012-11-02,763742.7856278947
35,2012-11-09,907373.7255993198
35,2012-11-16,866494.0443363818
35,2012-11-23,1600390.6761476973
35,2012-11-30,942879.2884138767
35,2012-12-07,994746.5194484218
35,2012-12-14,1135427.7555759589
35,2012-12-21,1488706.2405394698
35,2012-12-28,864748.880470483
35,2013-01-04,737807.6625272086
35,2013-01-11,717023.0684025114
35,2013-01-18,738692.6879194928
36,2012-11-02,277674.573696131
36,2012-11-09,285377.45095073216
36,2012-11-16,286364.36450926226
36,2012-11-23,286059.62990825484
36,2012-11-30,265701.4966021994
36,2012-12-07,276867.0302563485
36,2012-12-14,289931.80239956226
36,2012-12-21,283653.38109356066
36,2012-12-28,263040.9206632583
36,2013-01-04,282886.4473694904
36,2013-01-11,283055.64062555815
36,2013-01-18,284137.1747589726
37,2012-11-02,565873.511008922
37,2012-11-09,510753.3277072325
37,2012-11-16,536992.5453701436
37,2012-11-23,532012.1292087504
37,2012-11-30,536573.5474413382
37,2012-12-07,546661.6246465972
37,2012-12-14,543252.8754555396
37,2012-12-21,615168.0170075074
37,2012-12-28,460540.44237298117
37,2013-01-04,567574.3724318984
37,2013-01-11,555394.0352679201
37,2013-01-18,552987.8120296686
38,2012-11-02,469573.22183836414
38,2012-11-09,444368.23943816876
38,2012-11-16,426004.1588802881
38,2012-11-23,428060.18423861754
38,2012-11-30,444692.94452218694
38,2012-12-07,468106.84986936906
38,2012-12-14,437425.11258300004
38,2012-12-21,453361.36449231853
38,2012-12-28,377036.23421280953
38,2013-01-04,510551.40226266906
38,2013-01-11,456344.1311840628
38,2013-01-18,438457.98006382555
39,2012-11-02,1593152.3062305534
39,2012-11-09,1570134.775786904
39,2012-11-16,1622531.6163991492
39,2012-11-23,2193715.3484675507
39,2012-11-30,1679200.0368783632
39,2012-12-07,1812067.1386623278
39,2012-12-14,1964300.5436711097
39,2012-12-21,2416398.3761646673
39,2012-12-28,1555462.0555981663
39,2013-01-04,1540487.8764501903
39,2013-01-11,1501854.3526082428
39,2013-01-18,1532933.3055169475
40,2012-11-02,1039178.817539734
40,2012-11-09,1053868.937164159
40,2012-11-16,923522.9595390183
40,2012-11-23,1247646.8820461284
40,2012-11-30,1077331.0911173096
40,2012-12-07,1175861.5422668974
40,2012-12-14,1214736.0300804721
40,2012-12-21,1615182.9316806765
40,2012-12-28,927908.4682188691
40,2013-01-04,972136.9644938622
40,2013-01-11,795954.6130021948
40,2013-01-18,828296.7448057464
41,2012-11-02,1423462.0009470263
41,2012-11-09,1406258.6922612346
41,2012-11-16,1333760.0907624827
41,2012-11-23,2010269.6799360213
41,2012-11-30,1396138.9504279792
41,2012-12-07,1652578.4056546092
41,2012-12-14,1785991.8116880422
41,2012-12-21,2367282.538572744
41,2012-12-28,1368667.3374430663
41,2013-01-04,1311803.2920632337
41,2013-01-11,1238515.0988565015
41,2013-01-18,1219772.643504158
42,2012-11-02,585918.6434085685
42,2012-11-09,636853.0932371017
42,2012-11-16,571558.6091733461
42,2012-11-23,585504.1429566309
42,2012-11-30,504837.438760193
42,2012-12-07,598585.4932098197
42,2012-12-14,598769.9921452489
42,2012-12-21,552324.9066969169
42,2012-12-28,461550.7265839687
42,2013-01-04,608103.8156594975
42,2013-01-11,630984.0337752331
42,2013-01-18,560889.9736456799
43,2012-11-02,618341.0869219373
43,2012-11-09,602797.5306855044
43,2012-11-16,606817.4034588833
43,2012-11-23,638649.6532128634
43,2012-11-30,577757.2048806469
43,2012-12-07,604919.957661061
43,2012-12-14,631122.6074228272
43,2012-12-21,648704.0369209525
43,2012-12-28,535444.0822024117
43,2013-01-04,632463.8559590317
43,2013-01-11,630153.1349447243
43,2013-01-18,606169.0316233032
44,2012-11-02,335494.4141509891
44,2012-11-09,346542.78664206533
44,2012-11-16,343861.678959636
44,2012-11-23,344995.43599392095
44,2012-11-30,319007.6980026912
44,2012-12-07,337516.2475360306
44,2012-12-14,343244.04633265623
44,2012-12-21,407763.6161082148
44,2012-12-28,297982.7927962599
44,2013-01-04,355347.15591163
44,2013-01-11,343996.2031612621
44,2013-01-18,345795.801511902
45,2012-11-02,751429.5623049368
45,2012-11-09,763692.0733004991
45,2012-11-16,736363.0136302423
45,2012-11-23,978957.0592544642
45,2012-11-30,818262.1750333635
45,2012-12-07,882625.0707958994
45,2012-12-14,946201.7452908036
45,2012-12-21,1237964.3952014986
45,2012-12-28,718359.4025456628
45,2013-01-04,714592.4162993571
45,2013-01-11,700371.3883973797
45,2013-01-18,696074.8842621857
